,loss,acc,val_loss,val_acc,lr
0,14.816762924194336,0.3001142740249634,5.957467555999756,0.45980000495910645,0.0010000000474974513
