,loss,acc,val_loss,val_acc,lr
0,14.125653266906738,0.30814287066459656,5.835366249084473,0.4603999853134155,0.0010000000474974513
