,loss,acc,val_loss,val_acc
0,0.36740443110466003,0.8702664971351624,0.27980589866638184,0.8783783912658691
