,loss,acc,val_loss,val_acc
0,2.251718282699585,0.4113142788410187,1.4394768476486206,0.5368666648864746
